id;fecha_obtencion;tema;red_social;presidente;comentario;comentario_limpio;sentimiento
1;2025-02-02 19:22:22;migrantes;Reddit;Trump;When has anything good ever happened in gbay?;[T] ¿Cuándo ha pasado algo bueno en GBay?;neutral
2;2025-02-02 19:22:22;migrantes;Reddit;Trump;"Never. It's a violation of international law. Bush and his cronies should have been sent to The Hague because of Gitmo and Abu Ghraib.I'm still waiting for Trump to come out tell the world ""You're either with us, or against us"" like Bush did.";"[T] Nunca. Es una violación del derecho internacional. Bush y sus compinches deberían haber sido enviados a La Haya por lo de Guantánamo y Abu Ghraib. Todavía estoy esperando que Trump salga a decirle al mundo: ""O estás con nosotros o contra nosotros"", como lo hizo Bush.";neutral
3;2025-02-02 19:22:23;migrantes;Reddit;Trump;Well it's only the second week and there is still nearly 4 years left in his term. Let's see what happens next month lol;[T] Bueno, es apenas la segunda semana y todavía quedan casi 4 años de mandato. Veamos qué pasa el mes que viene jajaja;neutral
4;2025-02-02 19:22:23;migrantes;Reddit;Trump;And MAGA bitched about Biden being too old. Well, if he was, then so is Trump. We don't want anymore old, white men in the White House.;[T] Y MAGA se quejó de que Biden era demasiado viejo. Bueno, si lo era, entonces Trump también. No queremos más hombres viejos y blancos en la Casa Blanca.;negativo
5;2025-02-02 19:22:23;migrantes;Reddit;Trump;Trump being old is the least disqualifying thing about him. He's everything wrong about our country.;[T] El hecho de que Trump sea viejo es lo menos descalificante de él. Es todo lo malo de nuestro país.;positivo
6;2025-02-02 19:22:23;migrantes;Reddit;Trump;Why else would you put it at Guantanimo - enormously expensive to do things there vs locally.Guantanimo is symbolic for government cruelty against the enemies of the state - preferably brown and muslimThe cruelty is the point - but especially the impression of cruelty - MAGATism is a treasonous terror group and that is the defining characteristic - the goal of inciting fear and terror.;[T] ¿Por qué, si no, lo pondrían en Guantánamo? Es enormemente costoso hacer las cosas allí en comparación con hacerlo localmente. Guantánamo es un símbolo de la crueldad del gobierno contra los enemigos del estado, preferiblemente morenos y musulmanes. La crueldad es el punto, pero especialmente la impresión de crueldad: el MAGATismo es un grupo terrorista traidor y esa es la característica definitoria: el objetivo de incitar el miedo y el terror.;neutral
7;2025-02-02 19:22:24;migrantes;Reddit;Trump;Fear is all Republicans have now to maintain power. People need to stand up to them. Especially the rest of the world. They need to put an embargo on us. We all deserve to suffer, even if we don't support MAGA. All Americans are guilty by association.;[T] El miedo es lo único que les queda a los republicanos para mantener el poder. La gente tiene que enfrentarse a ellos, especialmente el resto del mundo. Tienen que imponernos un embargo. Todos merecemos sufrir, incluso si no apoyamos el MAGA. Todos los estadounidenses son culpables por asociación.;negativo
8;2025-02-02 19:22:24;migrantes;Reddit;Trump;As much as I I hate this, I agree - unfortunately.;[T] Por mucho que odie esto, estoy de acuerdo, lamentablemente.;negativo
9;2025-02-02 19:22:24;migrantes;Reddit;Trump;We deserve all the bad shit coming our way. This country will never recover. There's only two options now: a Second American Revoltuion or a National Divorce.;[T] Nos merecemos toda la mierda que nos espera. Este país nunca se recuperará. Ahora sólo hay dos opciones: una segunda revolución estadounidense o un divorcio nacional.;negativo
10;2025-02-02 19:22:25;migrantes;Reddit;Trump;Actually, the vulnerable people who will suffer most due to the Trump administration do not deserve to be punished because our country has been ruined by billionaires.;[T] En realidad, las personas vulnerables que sufrirán más debido a la administración Trump no merecen ser castigadas porque nuestro país ha sido arruinado por multimillonarios.;neutral
1;2025-02-02 19:23:02;migrantes;Reddit;Trump;When has anything good ever happened in gbay?;[T] ¿Cuándo ha pasado algo bueno en GBay?;neutral
2;2025-02-02 19:23:02;migrantes;Reddit;Trump;"Never. It's a violation of international law. Bush and his cronies should have been sent to The Hague because of Gitmo and Abu Ghraib.I'm still waiting for Trump to come out tell the world ""You're either with us, or against us"" like Bush did.";"[T] Nunca. Es una violación del derecho internacional. Bush y sus compinches deberían haber sido enviados a La Haya por lo de Guantánamo y Abu Ghraib. Todavía estoy esperando que Trump salga a decirle al mundo: ""O estás con nosotros o contra nosotros"", como lo hizo Bush.";positivo
3;2025-02-02 19:23:02;migrantes;Reddit;Trump;Well it's only the second week and there is still nearly 4 years left in his term. Let's see what happens next month lol;[T] Bueno, es apenas la segunda semana y todavía quedan casi 4 años de mandato. Veamos qué pasa el mes que viene jajaja;neutral
4;2025-02-02 19:23:04;migrantes;Reddit;Trump;And MAGA bitched about Biden being too old. Well, if he was, then so is Trump. We don't want anymore old, white men in the White House.;[T] Y MAGA se quejó de que Biden era demasiado viejo. Bueno, si lo era, entonces Trump también. No queremos más hombres viejos y blancos en la Casa Blanca.;neutral
5;2025-02-02 19:23:04;migrantes;Reddit;Trump;Trump being old is the least disqualifying thing about him. He's everything wrong about our country.;[T] El hecho de que Trump sea viejo es lo menos descalificante de él. Es todo lo malo de nuestro país.;negativo
6;2025-02-02 19:23:04;migrantes;Reddit;Trump;Why else would you put it at Guantanimo - enormously expensive to do things there vs locally.Guantanimo is symbolic for government cruelty against the enemies of the state - preferably brown and muslimThe cruelty is the point - but especially the impression of cruelty - MAGATism is a treasonous terror group and that is the defining characteristic - the goal of inciting fear and terror.;[T] ¿Por qué, si no, lo pondrían en Guantánamo? Es enormemente costoso hacer las cosas allí en comparación con hacerlo localmente. Guantánamo es un símbolo de la crueldad del gobierno contra los enemigos del estado, preferiblemente morenos y musulmanes. La crueldad es el punto, pero especialmente la impresión de crueldad: el MAGATismo es un grupo terrorista traidor y esa es la característica definitoria: el objetivo de incitar el miedo y el terror.;negativo
7;2025-02-02 19:23:04;migrantes;Reddit;Trump;Fear is all Republicans have now to maintain power. People need to stand up to them. Especially the rest of the world. They need to put an embargo on us. We all deserve to suffer, even if we don't support MAGA. All Americans are guilty by association.;[T] El miedo es lo único que les queda a los republicanos para mantener el poder. La gente tiene que enfrentarse a ellos, especialmente el resto del mundo. Tienen que imponernos un embargo. Todos merecemos sufrir, incluso si no apoyamos el MAGA. Todos los estadounidenses son culpables por asociación.;NA
8;2025-02-02 19:23:05;migrantes;Reddit;Trump;As much as I I hate this, I agree - unfortunately.;[T] Por mucho que odie esto, estoy de acuerdo, lamentablemente.;positivo
9;2025-02-02 19:23:05;migrantes;Reddit;Trump;We deserve all the bad shit coming our way. This country will never recover. There's only two options now: a Second American Revoltuion or a National Divorce.;[T] Nos merecemos toda la mierda que nos espera. Este país nunca se recuperará. Ahora sólo hay dos opciones: una segunda revolución estadounidense o un divorcio nacional.;negativo
10;2025-02-02 19:23:05;migrantes;Reddit;Trump;Actually, the vulnerable people who will suffer most due to the Trump administration do not deserve to be punished because our country has been ruined by billionaires.;[T] En realidad, las personas vulnerables que sufrirán más debido a la administración Trump no merecen ser castigadas porque nuestro país ha sido arruinado por multimillonarios.;NA
